[  {    "name": "Deleon",    "firstName": "Serrano",    "id": 526  },  {    "name": "Zimmerman",    "firstName": "Case",    "id": 455  },  {    "name": "Humphrey",    "firstName": "Lambert",    "id": 899  },  {    "name": "Spears",    "firstName": "Suzanne",    "id": 634  },  {    "name": "Mcgee",    "firstName": "Lacy",    "id": 643  },  {    "name": "Bryan",    "firstName": "Alfreda",    "id": 588  },  {    "name": "Cohen",    "firstName": "Hahn",    "id": 222  },  {    "name": "Osborne",    "firstName": "Roxanne",    "id": 191  },  {    "name": "Henry",    "firstName": "Jacquelyn",    "id": 297  },  {    "name": "Sargent",    "firstName": "Mack",    "id": 959  },  {    "name": "Kane",    "firstName": "Holmes",    "id": 955  },  {    "name": "Wilkinson",    "firstName": "Debora",    "id": 57  },  {    "name": "Jennings",    "firstName": "Jenna",    "id": 316  },  {    "name": "Page",    "firstName": "Sharon",    "id": 129  },  {    "name": "Myers",    "firstName": "Frazier",    "id": 658  },  {    "name": "Bruce",    "firstName": "Marcy",    "id": 286  },  {    "name": "Hull",    "firstName": "Latonya",    "id": 820  },  {    "name": "Melton",    "firstName": "Howe",    "id": 661  },  {    "name": "Barnes",    "firstName": "Riddle",    "id": 749  },  {    "name": "Hanson",    "firstName": "Estelle",    "id": 200  },  {    "name": "Rowe",    "firstName": "Sheri",    "id": 19  },  {    "name": "Chen",    "firstName": "Michele",    "id": 18  },  {    "name": "Nolan",    "firstName": "Bullock",    "id": 138  },  {    "name": "Mooney",    "firstName": "Antonia",    "id": 580  },  {    "name": "Talley",    "firstName": "Baldwin",    "id": 804  },  {    "name": "Lambert",    "firstName": "Ruiz",    "id": 672  },  {    "name": "Coffey",    "firstName": "Adela",    "id": 432  },  {    "name": "Haney",    "firstName": "Tanisha",    "id": 911  },  {    "name": "Randolph",    "firstName": "Stephenson",    "id": 374  },  {    "name": "Frazier",    "firstName": "Cathy",    "id": 951  },  {    "name": "Fitzgerald",    "firstName": "Jan",    "id": 909  },  {    "name": "Stanton",    "firstName": "Bobbi",    "id": 924  },  {    "name": "Marshall",    "firstName": "Christina",    "id": 38  },  {    "name": "Murphy",    "firstName": "Althea",    "id": 209  },  {    "name": "Russell",    "firstName": "Pennington",    "id": 778  },  {    "name": "Bradford",    "firstName": "Cleo",    "id": 202  },  {    "name": "Brennan",    "firstName": "Le",    "id": 37  },  {    "name": "Mcknight",    "firstName": "Susanne",    "id": 209  },  {    "name": "Travis",    "firstName": "Elvia",    "id": 735  },  {    "name": "Mercer",    "firstName": "Brooks",    "id": 743  },  {    "name": "Lopez",    "firstName": "Hatfield",    "id": 971  },  {    "name": "England",    "firstName": "Alvarado",    "id": 234  },  {    "name": "Noble",    "firstName": "John",    "id": 218  },  {    "name": "Osborn",    "firstName": "Angelica",    "id": 648  },  {    "name": "Snyder",    "firstName": "Calhoun",    "id": 204  },  {    "name": "Livingston",    "firstName": "Preston",    "id": 64  },  {    "name": "Wheeler",    "firstName": "Guthrie",    "id": 415  },  {    "name": "Buckley",    "firstName": "Noble",    "id": 347  },  {    "name": "Maldonado",    "firstName": "Mayo",    "id": 971  },  {    "name": "Jones",    "firstName": "Sophie",    "id": 624  },  {    "name": "Middleton",    "firstName": "Haley",    "id": 2  },  {    "name": "Valentine",    "firstName": "Bertha",    "id": 763  },  {    "name": "Welch",    "firstName": "Forbes",    "id": 66  },  {    "name": "Graves",    "firstName": "Duncan",    "id": 258  },  {    "name": "Stanley",    "firstName": "Rosalinda",    "id": 460  },  {    "name": "Cherry",    "firstName": "Janice",    "id": 717  },  {    "name": "Davenport",    "firstName": "Crane",    "id": 824  },  {    "name": "Clayton",    "firstName": "Huff",    "id": 908  },  {    "name": "Garner",    "firstName": "Bernice",    "id": 949  },  {    "name": "Yang",    "firstName": "David",    "id": 403  },  {    "name": "Bennett",    "firstName": "Burch",    "id": 743  },  {    "name": "Ingram",    "firstName": "Payne",    "id": 731  },  {    "name": "Lyons",    "firstName": "Macias",    "id": 412  },  {    "name": "Kennedy",    "firstName": "Roth",    "id": 251  },  {    "name": "Weeks",    "firstName": "Wilma",    "id": 597  },  {    "name": "Castro",    "firstName": "Jimmie",    "id": 491  },  {    "name": "Berg",    "firstName": "Vazquez",    "id": 717  },  {    "name": "Ross",    "firstName": "Melva",    "id": 385  },  {    "name": "Mays",    "firstName": "Alexander",    "id": 336  },  {    "name": "Velasquez",    "firstName": "Elnora",    "id": 427  },  {    "name": "Dillon",    "firstName": "Lenora",    "id": 926,    "nationality": "From Sao Tome and Principe"  },  {    "name": "Dixon",    "firstName": "Kaitlin",    "id": 290,    "nationality": "From Slovak Republic"  },  {    "name": "Pope",    "firstName": "Sheree",    "id": 167,    "nationality": "From Comoros"  },  {    "name": "Mcfadden",    "firstName": "Eileen",    "id": 885,    "nationality": "From Switzerland"  },  {    "name": "Lester",    "firstName": "Golden",    "id": 620,    "nationality": "From Malawi"  },  {    "name": "Branch",    "firstName": "Lynda",    "id": 14,    "nationality": "From Armenia"  },  {    "name": "Cochran",    "firstName": "Tami",    "id": 146,    "nationality": "From Paraguay"  },  {    "name": "Eaton",    "firstName": "Molina",    "id": 165,    "nationality": "From Finland"  },  {    "name": "Fuller",    "firstName": "Deidre",    "id": 732,    "nationality": "From Austria"  },  {    "name": "Cruz",    "firstName": "Wilson",    "id": 376,    "nationality": "From Tunisia"  },  {    "name": "Dennis",    "firstName": "Karin",    "id": 114,    "nationality": "From Western Sahara"  },  {    "name": "Zamora",    "firstName": "Kimberly",    "id": 1000,    "nationality": "From New Zealand"  },  {    "name": "Holland",    "firstName": "Wagner",    "id": 617,    "nationality": "From Namibia"  },  {    "name": "Poole",    "firstName": "Shelby",    "id": 473,    "nationality": "From Antarctica"  },  {    "name": "Decker",    "firstName": "Marisol",    "id": 511,    "nationality": "From Andorra"  },  {    "name": "Warren",    "firstName": "Concetta",    "id": 850,    "nationality": "From Tokelau"  },  {    "name": "Hodge",    "firstName": "House",    "id": 295,    "nationality": "From Bhutan"  },  {    "name": "Blair",    "firstName": "Day",    "id": 543,    "nationality": "From Philippines"  },  {    "name": "Castillo",    "firstName": "Krystal",    "id": 668,    "nationality": "From Guinea-Bissau"  },  {    "name": "Trujillo",    "firstName": "Stevens",    "id": 439,    "nationality": "From Belgium"  },  {    "name": "Cash",    "firstName": "Alvarado",    "id": 47,    "nationality": "From Gibraltar"  },  {    "name": "Barrett",    "firstName": "Leila",    "id": 245,    "nationality": "From Colombia"  },  {    "name": "Foley",    "firstName": "Elinor",    "id": 375,    "nationality": "From Algeria"  },  {    "name": "Richards",    "firstName": "Rodgers",    "id": 691,    "nationality": "From Netherlands"  },  {    "name": "Newman",    "firstName": "Tate",    "id": 277,    "nationality": "From New Caledonia"  },  {    "name": "Mooney",    "firstName": "Lester",    "id": 1,    "nationality": "From Uruguay"  },  {    "name": "Ellis",    "firstName": "Jenna",    "id": 507,    "nationality": "From Poland"  },  {    "name": "Montgomery",    "firstName": "Katharine",    "id": 745,    "nationality": "From Guadeloupe"  },  {    "name": "Ward",    "firstName": "Berger",    "id": 675,    "nationality": "From Canada"  },  {    "name": "Alexander",    "firstName": "Bentley",    "id": 846,    "nationality": "From Iraq"  },  {    "name": "Lamb",    "firstName": "Ballard",    "id": 99,    "nationality": "From El Salvador"  },  {    "name": "Barron",    "firstName": "West",    "id": 17,    "nationality": "From Monaco"  },  {    "name": "Dale",    "firstName": "Daisy",    "id": 838,    "nationality": "From Cocos (Keeling Islands)"  },  {    "name": "Lee",    "firstName": "Carey",    "id": 142,    "nationality": "From Belarus"  },  {    "name": "Benson",    "firstName": "Head",    "id": 804,    "nationality": "From Korea (North)"  },  {    "name": "Clark",    "firstName": "Dianne",    "id": 524,    "nationality": "From Swaziland"  },  {    "name": "Wooten",    "firstName": "Landry",    "id": 976,    "nationality": "From Sudan"  },  {    "name": "Rosario",    "firstName": "Mills",    "id": 410,    "nationality": "From Trinidad and Tobago"  },  {    "name": "Larson",    "firstName": "Pierce",    "id": 881,    "nationality": "From Turkmenistan"  },  {    "name": "Cline",    "firstName": "Erickson",    "id": 841,    "nationality": "From Niue"  },  {    "name": "Fuentes",    "firstName": "Hurst",    "id": 600,    "nationality": "From Burkina Faso"  },  {    "name": "Morse",    "firstName": "Sophia",    "id": 417,    "nationality": "From Bermuda"  },  {    "name": "Grimes",    "firstName": "Irma",    "id": 83,    "nationality": "From Luxembourg"  },  {    "name": "Burke",    "firstName": "Geneva",    "id": 656,    "nationality": "From Greece"  },  {    "name": "Mccormick",    "firstName": "Rhonda",    "id": 433,    "nationality": "From Malaysia"  },  {    "name": "Emerson",    "firstName": "Blake",    "id": 872,    "nationality": "From Cyprus"  },  {    "name": "York",    "firstName": "Glenn",    "id": 125,    "nationality": "From Liechtenstein"  },  {    "name": "Cardenas",    "firstName": "Kellie",    "id": 751,    "nationality": "From Thailand"  },  {    "name": "Wilcox",    "firstName": "Darlene",    "id": 778,    "nationality": "From Estonia"  },  {    "name": "Newton",    "firstName": "Powers",    "id": 589,    "nationality": "From San Marino"  },  {    "name": "Gates",    "firstName": "Espinoza",    "id": 757,    "nationality": "From Heard and McDonald Islands"  },  {    "name": "Fulton",    "firstName": "Latonya",    "id": 195,    "nationality": "From Ukraine"  },  {    "name": "Gordon",    "firstName": "Susanne",    "id": 232,    "nationality": "From Belize"  },  {    "name": "Walsh",    "firstName": "Tillman",    "id": 314,    "nationality": "From Aruba"  },  {    "name": "Ramos",    "firstName": "Wilma",    "id": 386,    "nationality": "From Czech Republic"  },  {    "name": "Wiggins",    "firstName": "Madden",    "id": 189,    "nationality": "From Pakistan"  },  {    "name": "Everett",    "firstName": "Noemi",    "id": 261,    "nationality": "From Moldova"  },  {    "name": "Shaw",    "firstName": "Sandra",    "id": 121,    "nationality": "From Germany"  },  {    "name": "May",    "firstName": "Letitia",    "id": 544,    "nationality": "From Oman"  },  {    "name": "Bowen",    "firstName": "Gail",    "id": 840,    "nationality": "From Laos"  },  {    "name": "Padilla",    "firstName": "Norris",    "id": 451,    "nationality": "From Mali"  },  {    "name": "Gonzalez",    "firstName": "Mcfarland",    "id": 169,    "nationality": "From Ecuador"  },  {    "name": "Conner",    "firstName": "Adkins",    "id": 517,    "nationality": "From Yemen"  },  {    "name": "Guy",    "firstName": "Johns",    "id": 933,    "nationality": "From Egypt"  },  {    "name": "Albert",    "firstName": "Duran",    "id": 133,    "nationality": "From Puerto Rico"  },  {    "name": "Hart",    "firstName": "Hyde",    "id": 43,    "nationality": "From Samoa"  },  {    "name": "Galloway",    "firstName": "Waters",    "id": 704,    "nationality": "From Kuwait"  },  {    "name": "Gallegos",    "firstName": "Marianne",    "id": 69,    "nationality": "From Sri Lanka"  },  {    "name": "Wynn",    "firstName": "Dawson",    "id": 208,    "nationality": "From US Minor Outlying Islands"  },  {    "name": "Bird",    "firstName": "Gilda",    "id": 545,    "nationality": "From France, Metropolitan"  }]
